Workbook
Name CaseIds: Case_Master!$A$2:$A$100
Name MeasureList: Measure_Master!$A$2:$H$104
Name CaseDrilldownArea: Case_Master!$G$3:$N$104

Sheet Config
A1: ⚙️ 設定シート
A2: 💡 薄青のセルにデータを追加・編集できます。WBS シートで使用されます。
A3: 祝日リスト | B3: 日付 | C3: 担当者リスト | D3: 担当者 | E3: ステータスリスト | F3: ステータス
B4: 2024-01-01 | D4: AL_OpDX | F4: 未着手
B5: 2024-02-12 | D5: AL_戦略 | F5: 進行中
B6: 2024-04-29 | D6: AL_開発 | F6: 遅延
B7: 2024-05-03 | D7: Elyza_CS | F7: 完了
B8: 2024-05-04 | D8: KDDI
B9: 2024-05-05

Sheet Template
A1: プロジェクト名 | J1: 全体進捗 | K1: ガント開始日
A2: 💡 薄青のセルに入力できます。ステータスは自動計算されます。 | J2: =LET(_eff,E5:E104,_prg,G5:G104,_total,SUM(_eff),IF(_total=0,0,SUMPRODUCT(_eff,_prg)/_total)) | K2: =TODAY()
K3: =IF($K$2="","",SEQUENCE(1,60,$K$2,1))
A4: Lv | B4: タスク名 | C4: 担当 | D4: 開始日 | E4: 工数(日) | F4: 終了日 | G4: 進捗率 | H4: ステータス | I4: 備考
F5: =IF(OR(D5="",E5="")," ",WORKDAY(D5,E5-1,Config!$B$4:$B$20)) | H5: =IFS(G5=1,"完了",AND(F5<TODAY(),G5<1),"遅延",AND(D5<=TODAY(),G5<1),"進行中",TRUE,"未着手")
F6: =IF(OR(D6="",E6="")," ",WORKDAY(D6,E6-1,Config!$B$4:$B$20)) | H6: =IFS(G6=1,"完了",AND(F6<TODAY(),G6<1),"遅延",AND(D6<=TODAY(),G6<1),"進行中",TRUE,"未着手")
F7: =IF(OR(D7="",E7="")," ",WORKDAY(D7,E7-1,Config!$B$4:$B$20)) | H7: =IFS(G7=1,"完了",AND(F7<TODAY(),G7<1),"遅延",AND(D7<=TODAY(),G7<1),"進行中",TRUE,"未着手")
F8: =IF(OR(D8="",E8="")," ",WORKDAY(D8,E8-1,Config!$B$4:$B$20)) | H8: =IFS(G8=1,"完了",AND(F8<TODAY(),G8<1),"遅延",AND(D8<=TODAY(),G8<1),"進行中",TRUE,"未着手")
F9: =IF(OR(D9="",E9="")," ",WORKDAY(D9,E9-1,Config!$B$4:$B$20)) | H9: =IFS(G9=1,"完了",AND(F9<TODAY(),G9<1),"遅延",AND(D9<=TODAY(),G9<1),"進行中",TRUE,"未着手")
F10: =IF(OR(D10="",E10="")," ",WORKDAY(D10,E10-1,Config!$B$4:$B$20)) | H10: =IFS(G10=1,"完了",AND(F10<TODAY(),G10<1),"遅延",AND(D10<=TODAY(),G10<1),"進行中",TRUE,"未着手")
F11: =IF(OR(D11="",E11="")," ",WORKDAY(D11,E11-1,Config!$B$4:$B$20)) | H11: =IFS(G11=1,"完了",AND(F11<TODAY(),G11<1),"遅延",AND(D11<=TODAY(),G11<1),"進行中",TRUE,"未着手")
F12: =IF(OR(D12="",E12="")," ",WORKDAY(D12,E12-1,Config!$B$4:$B$20)) | H12: =IFS(G12=1,"完了",AND(F12<TODAY(),G12<1),"遅延",AND(D12<=TODAY(),G12<1),"進行中",TRUE,"未着手")
F13: =IF(OR(D13="",E13="")," ",WORKDAY(D13,E13-1,Config!$B$4:$B$20)) | H13: =IFS(G13=1,"完了",AND(F13<TODAY(),G13<1),"遅延",AND(D13<=TODAY(),G13<1),"進行中",TRUE,"未着手")
F14: =IF(OR(D14="",E14="")," ",WORKDAY(D14,E14-1,Config!$B$4:$B$20)) | H14: =IFS(G14=1,"完了",AND(F14<TODAY(),G14<1),"遅延",AND(D14<=TODAY(),G14<1),"進行中",TRUE,"未着手")
F15: =IF(OR(D15="",E15="")," ",WORKDAY(D15,E15-1,Config!$B$4:$B$20)) | H15: =IFS(G15=1,"完了",AND(F15<TODAY(),G15<1),"遅延",AND(D15<=TODAY(),G15<1),"進行中",TRUE,"未着手")
F16: =IF(OR(D16="",E16="")," ",WORKDAY(D16,E16-1,Config!$B$4:$B$20)) | H16: =IFS(G16=1,"完了",AND(F16<TODAY(),G16<1),"遅延",AND(D16<=TODAY(),G16<1),"進行中",TRUE,"未着手")
... F18: =IF(OR(D18="",E18="")," ",WORKDAY(D18,E18-1,Config!$B$4:$B$20)) | H18: =IFS(G18=1,"完了",AND(F18<TODAY(),G18<1),"遅延",AND(D18<=TODAY(),G18<1),"進行中",TRUE,"未着手")

Sheet PRJ_001
A1: プロジェクト名 | J1: 全体進捗 | K1: ガント開始日
A2: 💡 薄青のセルに入力できます。ステータスは自動計算されます。 | J2: =LET(_eff,E5:E104,_prg,G5:G104,_total,SUM(_eff),IF(_total=0,0,SUMPRODUCT(_eff,_prg)/_total)) | K2: 45635
K3: =IF($K$2="","",SEQUENCE(1,60,$K$2,1))
A4: Lv | B4: タスク名 | C4: 担当 | D4: 開始日 | E4: 工数(日) | F4: 終了日 | G4: 進捗率 | H4: ステータス | I4: 備考
A5: 1 | B5: Phase0 基盤再構築 | C5: AL_OpDX | D5: 46006 | E5: 10 | F5: =IF(OR(D5="",E5="")," ",WORKDAY(D5,E5-1,Config!$B$4:$B$20)) | G5: 0 | H5: =IFS(G5=1,"完了",AND(F5<TODAY(),G5<1),"遅延",AND(D5<=TODAY(),G5<1),"進行中",TRUE,"未着手")
A6: 2 | B6: └ ★モデルデスク選定・合意 | C6: AL_OpDX | D6: 46006 | E6: 4 | F6: =IF(OR(D6="",E6="")," ",WORKDAY(D6,E6-1,Config!$B$4:$B$20)) | G6: 0 | H6: =IFS(G6=1,"完了",AND(F6<TODAY(),G6<1),"遅延",AND(D6<=TODAY(),G6<1),"進行中",TRUE,"未着手")
A7: 2 | B7: └ アプリ要件定義 | C7: AL_OpDX | D7: 46011 | E7: 5 | F7: =IF(OR(D7="",E7="")," ",WORKDAY(D7,E7-1,Config!$B$4:$B$20)) | G7: 0 | H7: =IFS(G7=1,"完了",AND(F7<TODAY(),G7<1),"遅延",AND(D7<=TODAY(),G7<1),"進行中",TRUE,"未着手")
A8: 2 | B8: └ 全社説明会コンテンツ作成 | C8: AL_戦略 | D8: 46006 | E8: 8 | F8: =IF(OR(D8="",E8="")," ",WORKDAY(D8,E8-1,Config!$B$4:$B$20)) | G8: 0 | H8: =IFS(G8=1,"完了",AND(F8<TODAY(),G8<1),"遅延",AND(D8<=TODAY(),G8<1),"進行中",TRUE,"未着手")
A9: 2 | B9: └ Note PMコミュニティ構築 | C9: AL_OpDX | D9: 46006 | E9: 9 | F9: =IF(OR(D9="",E9="")," ",WORKDAY(D9,E9-1,Config!$B$4:$B$20)) | G9: 0 | H9: =IFS(G9=1,"完了",AND(F9<TODAY(),G9<1),"遅延",AND(D9<=TODAY(),G9<1),"進行中",TRUE,"未着手")
A10: 2 | B10: └ 運用フロー確立(自動化) | C10: AL_開発 | D10: 46006 | E10: 9 | F10: =IF(OR(D10="",E10="")," ",WORKDAY(D10,E10-1,Config!$B$4:$B$20)) | G10: 0 | H10: =IFS(G10=1,"完了",AND(F10<TODAY(),G10<1),"遅延",AND(D10<=TODAY(),G10<1),"進行中",TRUE,"未着手")
A11: 1 | B11: Phase1 集中導入 | C11: AL_OpDX | D11: 46028 | E11: 15 | F11: =IF(OR(D11="",E11="")," ",WORKDAY(D11,E11-1,Config!$B$4:$B$20)) | G11: 0 | H11: =IFS(G11=1,"完了",AND(F11<TODAY(),G11<1),"遅延",AND(D11<=TODAY(),G11<1),"進行中",TRUE,"未着手")
A12: 2 | B12: └ ★専用アプリ開発(Elyza) | C12: Elyza_CS | D12: 46016 | E12: 12 | F12: =IF(OR(D12="",E12="")," ",WORKDAY(D12,E12-1,Config!$B$4:$B$20)) | G12: 0 | H12: =IFS(G12=1,"完了",AND(F12<TODAY(),G12<1),"遅延",AND(D12<=TODAY(),G12<1),"進行中",TRUE,"未着手")
A13: 2 | B13: └ ◆全社説明会・ID一斉発行 | C13: AL_OpDX | D13: 46032 | E13: 1 | F13: =IF(OR(D13="",E13="")," ",WORKDAY(D13,E13-1,Config!$B$4:$B$20)) | G13: 0 | H13: =IFS(G13=1,"完了",AND(F13<TODAY(),G13<1),"遅延",AND(D13<=TODAY(),G13<1),"進行中",TRUE,"未着手")
A14: 2 | B14: └ ★モデルデスク導入・オンボ | C14: AL_OpDX | D14: 46032 | E14: 5 | F14: =IF(OR(D14="",E14="")," ",WORKDAY(D14,E14-1,Config!$B$4:$B$20)) | G14: 0 | H14: =IFS(G14=1,"完了",AND(F14<TODAY(),G14<1),"遅延",AND(D14<=TODAY(),G14<1),"進行中",TRUE,"未着手")
A15: 2 | B15: └ ログ収集・分析開始 | C15: AL_開発 | D15: 46032 | E15: 10 | F15: =IF(OR(D15="",E15="")," ",WORKDAY(D15,E15-1,Config!$B$4:$B$20)) | G15: 0 | H15: =IFS(G15=1,"完了",AND(F15<TODAY(),G15<1),"遅延",AND(D15<=TODAY(),G15<1),"進行中",TRUE,"未着手")
A16: 2 | B16: └ 成功事例(Small Win)抽出 | C16: AL_OpDX | D16: 46037 | E16: 10 | F16: =IF(OR(D16="",E16="")," ",WORKDAY(D16,E16-1,Config!$B$4:$B$20)) | G16: 0 | H16: =IFS(G16=1,"完了",AND(F16<TODAY(),G16<1),"遅延",AND(D16<=TODAY(),G16<1),"進行中",TRUE,"未着手")
... A22: 2 | B22: └ ◆中間報告会 | C22: AL_OpDX | D22: 46078 | E22: 1 | F22: =IF(OR(D22="",E22="")," ",WORKDAY(D22,E22-1,Config!$B$4:$B$20)) | G22: 0 | H22: =IFS(G22=1,"完了",AND(F22<TODAY(),G22<1),"遅延",AND(D22<=TODAY(),G22<1),"進行中",TRUE,"未着手")
F23: =IF(OR(D23="",E23="")," ",WORKDAY(D23,E23-1,Config!$B$4:$B$20)) | H23: =IFS(G23=1,"完了",AND(F23<TODAY(),G23<1),"遅延",AND(D23<=TODAY(),G23<1),"進行中",TRUE,"未着手")
F24: =IF(OR(D24="",E24="")," ",WORKDAY(D24,E24-1,Config!$B$4:$B$20)) | H24: =IFS(G24=1,"完了",AND(F24<TODAY(),G24<1),"遅延",AND(D24<=TODAY(),G24<1),"進行中",TRUE,"未着手")

Sheet PRJ_002
A1: プロジェクト名 | J1: 全体進捗 | K1: ガント開始日
A2: 💡 薄青のセルに入力できます。ステータスは自動計算されます。 | J2: =LET(_eff,E5:E104,_prg,G5:G104,_total,SUM(_eff),IF(_total=0,0,SUMPRODUCT(_eff,_prg)/_total)) | K2: =TODAY()
K3: =IF($K$2="","",SEQUENCE(1,60,$K$2,1))
A4: Lv | B4: タスク名 | C4: 担当 | D4: 開始日 | E4: 工数(日) | F4: 終了日 | G4: 進捗率 | H4: ステータス | I4: 備考
F5: =IF(OR(D5="",E5="")," ",WORKDAY(D5,E5-1,Config!$B$4:$B$20)) | H5: =IFS(G5=1,"完了",AND(F5<TODAY(),G5<1),"遅延",AND(D5<=TODAY(),G5<1),"進行中",TRUE,"未着手")
F6: =IF(OR(D6="",E6="")," ",WORKDAY(D6,E6-1,Config!$B$4:$B$20)) | H6: =IFS(G6=1,"完了",AND(F6<TODAY(),G6<1),"遅延",AND(D6<=TODAY(),G6<1),"進行中",TRUE,"未着手")
F7: =IF(OR(D7="",E7="")," ",WORKDAY(D7,E7-1,Config!$B$4:$B$20)) | H7: =IFS(G7=1,"完了",AND(F7<TODAY(),G7<1),"遅延",AND(D7<=TODAY(),G7<1),"進行中",TRUE,"未着手")
F8: =IF(OR(D8="",E8="")," ",WORKDAY(D8,E8-1,Config!$B$4:$B$20)) | H8: =IFS(G8=1,"完了",AND(F8<TODAY(),G8<1),"遅延",AND(D8<=TODAY(),G8<1),"進行中",TRUE,"未着手")
F9: =IF(OR(D9="",E9="")," ",WORKDAY(D9,E9-1,Config!$B$4:$B$20)) | H9: =IFS(G9=1,"完了",AND(F9<TODAY(),G9<1),"遅延",AND(D9<=TODAY(),G9<1),"進行中",TRUE,"未着手")
F10: =IF(OR(D10="",E10="")," ",WORKDAY(D10,E10-1,Config!$B$4:$B$20)) | H10: =IFS(G10=1,"完了",AND(F10<TODAY(),G10<1),"遅延",AND(D10<=TODAY(),G10<1),"進行中",TRUE,"未着手")
F11: =IF(OR(D11="",E11="")," ",WORKDAY(D11,E11-1,Config!$B$4:$B$20)) | H11: =IFS(G11=1,"完了",AND(F11<TODAY(),G11<1),"遅延",AND(D11<=TODAY(),G11<1),"進行中",TRUE,"未着手")
F12: =IF(OR(D12="",E12="")," ",WORKDAY(D12,E12-1,Config!$B$4:$B$20)) | H12: =IFS(G12=1,"完了",AND(F12<TODAY(),G12<1),"遅延",AND(D12<=TODAY(),G12<1),"進行中",TRUE,"未着手")
F13: =IF(OR(D13="",E13="")," ",WORKDAY(D13,E13-1,Config!$B$4:$B$20)) | H13: =IFS(G13=1,"完了",AND(F13<TODAY(),G13<1),"遅延",AND(D13<=TODAY(),G13<1),"進行中",TRUE,"未着手")
F14: =IF(OR(D14="",E14="")," ",WORKDAY(D14,E14-1,Config!$B$4:$B$20)) | H14: =IFS(G14=1,"完了",AND(F14<TODAY(),G14<1),"遅延",AND(D14<=TODAY(),G14<1),"進行中",TRUE,"未着手")
F15: =IF(OR(D15="",E15="")," ",WORKDAY(D15,E15-1,Config!$B$4:$B$20)) | H15: =IFS(G15=1,"完了",AND(F15<TODAY(),G15<1),"遅延",AND(D15<=TODAY(),G15<1),"進行中",TRUE,"未着手")
F16: =IF(OR(D16="",E16="")," ",WORKDAY(D16,E16-1,Config!$B$4:$B$20)) | H16: =IFS(G16=1,"完了",AND(F16<TODAY(),G16<1),"遅延",AND(D16<=TODAY(),G16<1),"進行中",TRUE,"未着手")
... F18: =IF(OR(D18="",E18="")," ",WORKDAY(D18,E18-1,Config!$B$4:$B$20)) | H18: =IFS(G18=1,"完了",AND(F18<TODAY(),G18<1),"遅延",AND(D18<=TODAY(),G18<1),"進行中",TRUE,"未着手")

Sheet Case_Master
A1: 案件ID | B1: 案件名 | C1: メモ | D1: 施策数 | E1: 平均進捗 | G1: 📋 案件ドリルダウン (M365版) | H1: CASE-001
A2: CASE-001 | B2: Elyza Works 導入推進 | D2: =COUNTIF(Measure_Master!$B:$B,A2) | E2: =IFERROR(AVERAGEIF(Measure_Master!$B:$B,A2,Measure_Master!$G:$G),0) | G2: 施策ID | H2: 親案件ID | I2: 施策名 | J2: 開始日 | K2: WBSリンク | L2: シート名 | M2: 実進捗
G3: =IF($H$1="","← 案件IDを選択",IFERROR(FILTER(Measure_Master!$A$2:$H$104,Measure_Master!$B$2:$B$104=$H$1,"該当なし"),""))
G4: 💡 H1で案件IDを選択すると施策一覧がスピル表示されます

Sheet Measure_Master
A1: 施策ID | B1: 親案件ID | C1: 施策名 | D1: 開始日 | E1: WBSリンク | F1: WBSシート名 | G1: 実進捗 | H1: 備考
A2: ME-001 | B2: CASE-001 | C2: Phase0 基盤再構築 | D2: 2025-12-15 | E2: =HYPERLINK("#'" & F2 & "'!A1", "WBSを開く") | F2: PRJ_001 | G2: =IF(F2="","",IFERROR(INDIRECT("'" & F2 & "'!J2"),"未リンク"))
A3: ME-002 | B3: CASE-001 | C3: Phase1 集中導入 | D3: 2026-01-06 | E3: =HYPERLINK("#'" & F3 & "'!A1", "WBSを開く") | F3: PRJ_002 | G3: =IF(F3="","",IFERROR(INDIRECT("'" & F3 & "'!J2"),"未リンク"))

Sheet Kanban_View
A1: 📋 カンバンビュー (M365版)
A2: 施策を選択: | B2: PRJ_001
A3: 💡 B2で WBS シート選択 → タスクが「名前/担当/期限」形式でスピル表示。
B4: 📥 To Do | D4: 🔄 Doing | F4: ✅ Done | H4: ⚠️ 遅延
B5: =IFERROR(LET(_sheet,$B$2,_tasks,INDIRECT("'"&_sheet&"'!B5:B104"),_owners,INDIRECT("'"&_sheet&"'!C5:C104"),_ends,INDIRECT("'"&_sheet&"'!F5:F104"),_progress,INDIRECT("'"&_sheet&"'!G5:G104"),_status,INDIRECT("'"&_sheet&"'!H5:H104"),_card,_tasks&CHAR(10)&"👤 "&_owners&CHAR(10)&"📅 "&TEXT(_ends,"m/d")&" | 📊 "&TEXT(_progress,"0%"),_filtered,FILTER(_card,(_status="未着手")*(_tasks<>""),""),_filtered),"") | D5: =IFERROR(LET(_sheet,$B$2,_tasks,INDIRECT("'"&_sheet&"'!B5:B104"),_owners,INDIRECT("'"&_sheet&"'!C5:C104"),_ends,INDIRECT("'"&_sheet&"'!F5:F104"),_progress,INDIRECT("'"&_sheet&"'!G5:G104"),_status,INDIRECT("'"&_sheet&"'!H5:H104"),_card,_tasks&CHAR(10)&"👤 "&_owners&CHAR(10)&"📅 "&TEXT(_ends,"m/d")&" | 📊 "&TEXT(_progress,"0%"),_filtered,FILTER(_card,(_status="進行中")*(_tasks<>""),""),_filtered),"") | F5: =IFERROR(LET(_sheet,$B$2,_tasks,INDIRECT("'"&_sheet&"'!B5:B104"),_owners,INDIRECT("'"&_sheet&"'!C5:C104"),_ends,INDIRECT("'"&_sheet&"'!F5:F104"),_progress,INDIRECT("'"&_sheet&"'!G5:G104"),_status,INDIRECT("'"&_sheet&"'!H5:H104"),_card,_tasks&CHAR(10)&"👤 "&_owners&CHAR(10)&"📅 "&TEXT(_ends,"m/d")&" | 📊 "&TEXT(_progress,"0%"),_filtered,FILTER(_card,(_status="完了")*(_tasks<>""),""),_filtered),"") | H5: =IFERROR(LET(_sheet,$B$2,_tasks,INDIRECT("'"&_sheet&"'!B5:B104"),_owners,INDIRECT("'"&_sheet&"'!C5:C104"),_ends,INDIRECT("'"&_sheet&"'!F5:F104"),_progress,INDIRECT("'"&_sheet&"'!G5:G104"),_status,INDIRECT("'"&_sheet&"'!H5:H104"),_card,_tasks&CHAR(10)&"👤 "&_owners&CHAR(10)&"📅 "&TEXT(_ends,"m/d")&" | 📊 "&TEXT(_progress,"0%"),_filtered,FILTER(_card,(_status="遅延")*(_tasks<>""),""),_filtered),"")
